[
    {
        "id": 1,
        "product": "iPhone X",
        "barcode": "HGS6SJSD777SD",
        "delivery": "02/09/2019",
        "type": "Phones",
        "quantity": 20,
        "unit": 800,
        "price": 1000,
        "minimum": 3,
        "maximum": 50
    },
    {
        "id": 2,
        "product": "iPhone XS",
        "barcode": "SGHMSD523NS8D",
        "delivery": "01/09/2019",
        "type": "Phones",
        "quantity": 20,
        "unit": 1000,
        "price": 1200,
        "minimum": 3,
        "maximum": 50
    },
    {
        "id": 3,
        "product": "iPhone XS Max",
        "barcode": "23SDJSD7SDJEN",
        "delivery": "01/08/2019",
        "type": "Phones",
        "quantity": 20,
        "unit": 1200,
        "price": 1500,
        "minimum": 3,
        "maximum": 50
    }
]